{"day_of_week":{"0":"Friday","1":"Friday","2":"Friday","3":"Friday","4":"Friday","5":"Friday","6":"Monday","7":"Monday","8":"Monday","9":"Monday","10":"Monday","11":"Monday","12":"Saturday","13":"Saturday","14":"Saturday","15":"Saturday","16":"Saturday","17":"Saturday","18":"Sunday","19":"Sunday","20":"Sunday","21":"Sunday","22":"Sunday","23":"Sunday","24":"Thursday","25":"Thursday","26":"Thursday","27":"Thursday","28":"Thursday","29":"Thursday","30":"Tuesday","31":"Tuesday","32":"Tuesday","33":"Tuesday","34":"Tuesday","35":"Tuesday","36":"Wednesday","37":"Wednesday","38":"Wednesday","39":"Wednesday","40":"Wednesday","41":"Wednesday"},"frp":{"0":60.5255276382,"1":61.3712962963,"2":0.0,"3":49.4561053472,"4":26.9276422764,"5":51.2838028169,"6":58.0833333333,"7":67.9260123542,"8":0.0,"9":40.7613319012,"10":27.4303797468,"11":19.5751552795,"12":48.1094206822,"13":66.7538157151,"14":158.8833333333,"15":34.9513739546,"16":22.5866071429,"17":16.9054054054,"18":48.5288537549,"19":60.2618861365,"20":0.0,"21":28.8311677632,"22":14.2526011561,"23":80.4691780822,"24":42.2639323732,"25":72.7508900524,"26":112.47,"27":24.6924068768,"28":23.2007604563,"29":54.7,"30":46.2514882507,"31":49.0030127941,"32":0.0,"33":27.7164276402,"34":17.3114379085,"35":104.575,"36":54.3026136958,"37":60.6192802057,"38":0.0,"39":22.8729927007,"40":39.1632911392,"41":36.2071823204},"x_value":{"0":4,"1":4,"2":4,"3":4,"4":4,"5":4,"6":0,"7":0,"8":0,"9":0,"10":0,"11":0,"12":5,"13":5,"14":5,"15":5,"16":5,"17":5,"18":6,"19":6,"20":6,"21":6,"22":6,"23":6,"24":3,"25":3,"26":3,"27":3,"28":3,"29":3,"30":1,"31":1,"32":1,"33":1,"34":1,"35":1,"36":2,"37":2,"38":2,"39":2,"40":2,"41":2},"y_value":{"0":0,"1":1,"2":2,"3":3,"4":4,"5":5,"6":0,"7":1,"8":2,"9":3,"10":4,"11":5,"12":0,"13":1,"14":2,"15":3,"16":4,"17":5,"18":0,"19":1,"20":2,"21":3,"22":4,"23":5,"24":0,"25":1,"26":2,"27":3,"28":4,"29":5,"30":0,"31":1,"32":2,"33":3,"34":4,"35":5,"36":0,"37":1,"38":2,"39":3,"40":4,"41":5},"hc_values":{"0":"4,0,60.525527638190994","1":"4,1,61.371296296296414","2":"4,2,0.0","3":"4,3,49.45610534716676","4":"4,4,26.92764227642277","5":"4,5,51.28380281690141","6":"0,0,58.08333333333349","7":"0,1,67.92601235415239","8":"0,2,0.0","9":"0,3,40.76133190118152","10":"0,4,27.430379746835435","11":"0,5,19.5751552795031","12":"5,0,48.109420682187356","13":"5,1,66.75381571509324","14":"5,2,158.88333333333333","15":"5,3,34.95137395459979","16":"5,4,22.58660714285716","17":"5,5,16.90540540540541","18":"6,0,48.5288537549407","19":"6,1,60.26188613646236","20":"6,2,0.0","21":"6,3,28.831167763157897","22":"6,4,14.252601156069364","23":"6,5,80.46917808219172","24":"3,0,42.263932373199765","25":"3,1,72.75089005235598","26":"3,2,112.46999999999998","27":"3,3,24.69240687679084","28":"3,4,23.20076045627376","29":"3,5,54.7","30":"1,0,46.25148825065281","31":"1,1,49.0030127940569","32":"1,2,0.0","33":"1,3,27.716427640156425","34":"1,4,17.311437908496735","35":"1,5,104.57499999999999","36":"2,0,54.302613695765864","37":"2,1,60.619280205655464","38":"2,2,0.0","39":"2,3,22.87299270072994","40":"2,4,39.1632911392405","41":"2,5,36.20718232044199"}}